1,22B0901,Atharva Anant Bendale,0.0,Credit,Approved,Active,H1
2,22B0902,Vardan Verma,0.0,Credit,Approved,Active,H16
3,22B0903,Ratlan Sri Charan Singh Naik,0.0,Credit,Approved,Active,H1
4,22B0904,Bussa Abhinay Kumar Reddy,0.0,Credit,Approved,Active,H16
5,22B0905,Singirikonda Sri Shraddha,0.0,Credit,Approved,Active,H16
6,22B0906,Ananya Kulashreshtha,0.0,Credit,Approved,Active,H16
7,22B0907,Anumalasetty Varshith,0.0,Credit,Approved,Active,H16
8,22B0908,Aakriti Chandra,0.0,Credit,Approved,Active,H16
9,22B0909,Tejas Sharma,0.0,Credit,Approved,Active,H1
10,22B0910,Omkar Ramesh Shirpure,0.0,Credit,Approved,Active,H16
11,22B0911,Ahil Khan,0.0,Credit,Approved,Active,H1
12,22B0912,Nivesh Aggarwal,0.0,Credit,Approved,Active,H1
13,22B0913,Trasula Umesh Karthikeya,0.0,Credit,Approved,Active,H16
14,22B0914,Utkarsh Pant,0.0,Credit,Approved,Active,H16
15,22B0915,Gourish Garg,0.0,Credit,Approved,Active,H1
16,22B0916,Sanoj S Vijendra,0.0,Credit,Approved,Active,H16
17,22B0917,Shivam Kumar,0.0,Credit,Approved,Active,H16
18,22B0918,Mamidi Bhavya Sri,0.0,Credit,Approved,Active,H16
19,22B0919,Nitesh Singh,0.0,Credit,Approved,Active,H16
20,22B0920,Nandan Manjunath Immadisetty,0.0,Credit,Approved,Active,H16
21,22B0921,Badisa Chennakesava Venkata Vignesh,0.0,Credit,Approved,Active,H16
22,22B0922,Erapaneni Sarath Chandra Chowdary,0.0,Credit,Approved,Active,H1
23,22B0923,Dhvanil Gheewala,0.0,Credit,Approved,Active,H1
24,22B0924,Vardthya Madhumathi,0.0,Credit,Approved,Active,H16
25,22B0925,Nakka Sai Deepthika,0.0,Credit,Approved,Active,H16
26,22B0926,Rishabh Raj Prakash,0.0,Credit,Approved,Active,H16
27,22B0927,Krish Rakholiya,0.0,Credit,Approved,Active,H16
28,22B0928,Anilesh Bansal,0.0,Credit,Approved,Active,H1
29,22B0929,Ramavath Umeshwari,0.0,Credit,Approved,Active,H16
30,22B0930,Mrinal Garg,0.0,Credit,Approved,Active,H1
31,22B0931,Ayan Tanwar,0.0,Credit,Approved,Active,H1
32,22B0932,Sambhav Jain,0.0,Credit,Approved,Active,H16
33,22B0933,Mayank Kumar,0.0,Credit,Approved,Active,H16
34,22B0934,Hari Rohit Bhavsar,0.0,Credit,Approved,Active,H1
35,22B0935,Dheeraj Kurukunda,0.0,Credit,Approved,Active,H16
36,22B0936,Navnit Kumar Thakur,0.0,Credit,Approved,Active,H16
37,22B0937,Anushka Nilesh Bhoir,0.0,Credit,Approved,Active,H16
38,22B0938,Puppala Revak Sai,0.0,Credit,Approved,Active,H16
39,22B0939,Chavali Daya Swaroop,0.0,Credit,Approved,Active,H1
40,22B0940,Sambaraju Sai Sriram,0.0,Credit,Approved,Active,H16
41,22B0941,Soham Sachin Dahane,0.0,Credit,Approved,Active,H1
42,22B0942,Prakash S Rathod,0.0,Credit,Approved,Active,H16
43,22B0943,Sonawane Sharvanee Pravin,0.0,Credit,Approved,Active,H16
44,22B0944,Nimish Milind Manware,0.0,Credit,Approved,Active,H1
45,22B0945,Ananya Kunisetty,0.0,Credit,Approved,Active,H16
46,22B0946,Mamilla Yeswanth Kumar Reddy,0.0,Credit,Approved,Active,H1
47,22B0947,Polu Lakshmi Sai Lohith Reddy,0.0,Credit,Approved,Active,H1
48,22B0948,Rathamsetty Rushikesh,0.0,Credit,Approved,Active,H16
49,22B0949,Vetcha Gnana Mahesh,0.0,Credit,Approved,Active,H1
50,22B0950,Madiga Harika,0.0,Credit,Approved,Active,H16
51,22B0951,Kanak Barfa,0.0,Credit,Approved,Active,H16
52,22B0952,Kukudala Sai Aditya,0.0,Credit,Approved,Active,H16
53,22B0953,Nage Prasanna Ganesh,0.0,Credit,Approved,Active,H1
54,22B0954,Vangapalli Sai Siddhartha,0.0,Credit,Approved,Active,H1
55,22B0955,Aditya Abhishek Agrawal,0.0,Credit,Approved,Active,H16
56,22B0956,Himanshu Gangwal,0.0,Credit,Approved,Active,H16
57,22B0957,Kanike Amrutha Rani,0.0,Credit,Approved,Active,H16
58,22B0958,Arihant Vashista,0.0,Credit,Approved,Active,H16
59,22B0959,Penikalapati Ravi Kishore,0.0,Credit,Approved,Active,H1
60,22B0960,Thunikesi Sreyas Reddy,0.0,Credit,Approved,Active,H1
61,22B0961,Banoth Narendar,0.0,Credit,Approved,Active,H1
62,22B0962,Mayank Sandh,0.0,Credit,Approved,Active,H16
63,22B0963,Nikil S,0.0,Credit,Approved,Active,H16
64,22B0964,Saksham Raj,0.0,Credit,Approved,Active,H16
65,22B0965,Ojas Maheshwari,0.0,Credit,Approved,Active,H1
66,22B0966,Rohit Singh Shekhawat,0.0,Credit,Approved,Active,H16
67,22B0967,Satyankar Chandra,0.0,Credit,Approved,Active,H1
68,22B0968,Pratik Sahoo,0.0,Credit,Approved,Active,H16
69,22B0969,Tanmay Gejapati,0.0,Credit,Approved,Active,H16
70,22B0970,Jasti Yashwanth V V S,0.0,Credit,Approved,Active,H16
71,22B0971,Rijul Bhat,0.0,Credit,Approved,Active,H1
72,22B0972,Mariyala Venkata Sai Mukhesh,0.0,Credit,Approved,Active,H1
73,22B0973,Harsh Kumar,0.0,Credit,Approved,Active,H1
74,22B0974,Nitin Singh Patel,0.0,Credit,Approved,Active,H16
75,22B0975,Lovesh Mahar,0.0,Credit,Approved,Active,H16
76,22B0976,Sukhmanjot Singh Adiwal,0.0,Credit,Approved,Active,H16
77,22B0977,Nadipilli Harsha Vardhan,0.0,Credit,Approved,Active,H1
78,22B0978,Tanish Agarwal,0.0,Credit,Approved,Active,H16
79,22B0979,Chaitanya Garg,0.0,Credit,Approved,Active,H1
80,22B0980,Ananya Rao,0.0,Credit,Approved,Active,H16
81,22B0981,Kottana Bhavya Sri,0.0,Credit,Approved,Active,H16
82,22B0982,Tec Narayan Brahmachari,0.0,Credit,Approved,Active,H1
83,22B0983,Ankeet Saha,0.0,Credit,Approved,Active,H16
84,22B0984,Soumitra Darshan Nayak,0.0,Credit,Approved,Active,H16
85,22B0985,Sanskar Shaurya,0.0,Credit,Approved,Active,H1
86,22B0986,Aditya Ajey,0.0,Credit,Approved,Active,H16
87,22B0987,Gandu Hari Deep,0.0,Credit,Approved,Active,H1
88,22B0988,Deeksha Dhiwakar,0.0,Credit,Approved,Active,H16
89,22B0989,Manav Dhanesh Patel,0.0,Credit,Approved,Active,H16
90,22B0990,Yash Santosh Jonjale,0.0,Credit,Approved,Active,H1
91,22B0991,Gurram Venkatakrishna Sai Suresh Manikanta,0.0,Credit,Approved,Active,H16
92,22B0992,Avanaganti Akshath Reddy,0.0,Credit,Approved,Active,H16
93,22B0993,Vutkoori Madhav,0.0,Credit,Approved,Active,H1
94,22B0994,Jaladhi Joshi,0.0,Credit,Approved,Active,H16
95,22B0995,Lakshya Gadhwal,0.0,Credit,Approved,Active,H16
96,22B0996,Avani Mawal,0.0,Credit,Approved,Active,H16
97,22B0997,Jajala Jasmitha,0.0,Credit,Approved,Active,H16
98,22B0999,Janapati Sai Charitha,0.0,Credit,Approved,Active,H16
99,22B1000,Barre Varthika Reddy,0.0,Credit,Approved,Active,H16
100,22B1001,Menda Hima Vamsi,0.0,Credit,Approved,Active,H1
101,22B1002,Konathala Rashmita,0.0,Credit,Approved,Active,H16
102,22B1003,Saksham Rathi,0.0,Credit,Approved,Active,H16
103,22B1004,Svanik Jaykumar Gade,0.0,Credit,Approved,Active,H1
104,22B1005,Anirudh Garg,0.0,Credit,Approved,Active,H16
105,22B1006,Urvi Gupta,0.0,Credit,Approved,Active,H16
106,22B1007,Navya,0.0,Credit,Approved,Active,H16
107,22B1008,Nuthakki Rithik,0.0,Credit,Approved,Active,H1
108,22B1009,Mugdha Bilotia,0.0,Credit,Approved,Active,H16
109,22B1010,Piyushi Anand,0.0,Credit,Approved,Active,H16
110,22B1011,Amarapu Anoop,0.0,Credit,Approved,Active,H1
111,22B1012,Ishan Mandal,0.0,Credit,Approved,Active,H16
112,22B1013,Srijata Nandy,0.0,Credit,Approved,Active,H16
113,22B1014,Sarthak Chaurasia,0.0,Credit,Approved,Active,H1
114,22B1015,Maloth Vishal Nayak,0.0,Credit,Approved,Active,H1
115,22B1016,Jahnvi Shaw,0.0,Credit,Approved,Active,H16
116,22B1017,Manchineni Yashwanth,0.0,Credit,Approved,Active,H1
117,22B1018,Sanskar Sharma,0.0,Credit,Approved,Active,H1
118,22B1019,Kavin Arvind,0.0,Credit,Approved,Active,H16
119,22B1020,Harshit Maurya,0.0,Credit,Approved,Active,H1
120,22B1021,Arnav Garg,0.0,Credit,Approved,Active,H1
121,22B1022,Abhijeet Anand,0.0,Credit,Approved,Active,H16
122,22B1023,Chandrakant Pradhan,0.0,Credit,Approved,Active,H1
123,22B1024,Busa Siva Naga Venkata Aditya,0.0,Credit,Approved,Active,H1
124,22B1025,Arvind Kumar Yadav,0.0,Credit,Approved,Active,H16
125,22B1026,Anumandla Vasavi Priya,0.0,Credit,Approved,Active,H16
126,22B1027,Chinmay Khokar,0.0,Credit,Approved,Active,H16
127,22B1028,Routhu Pavan Sekhar Naidu,0.0,Credit,Approved,Active,H1
128,22B1029,Deevyanshu Malu,0.0,Credit,Approved,Active,H16
129,22B1030,Kajjayam Varun Guptha,0.0,Credit,Approved,Active,H1
130,22B1031,Antriksh Punia,0.0,Credit,Approved,Active,H1
131,22B1032,Ekansh Ravi Shankar,0.0,Credit,Approved,Active,H16
132,22B1033,Kakara Jashwanth,0.0,Credit,Approved,Active,H1
133,22B1034,Sanchana Arun,0.0,Credit,Approved,Active,H16
134,22B1035,Geet Singhi,0.0,Credit,Approved,Active,H16
135,22B1036,Suryansh Patidar,0.0,Credit,Approved,Active,H16
136,22B1037,Mandaliya Tanmay Dipakbhai,0.0,Credit,Approved,Active,H16
137,22B1038,Riswana Bano,0.0,Credit,Approved,Active,H16
138,22B1039,Boya Haren Sathvik,0.0,Credit,Approved,Active,H16
139,22B1040,Veebhuti Karthikeya,0.0,Credit,Approved,Active,H1
140,22B1041,Bathala Shashank,0.0,Credit,Approved,Active,H1
141,22B1042,Bhogi Siri,0.0,Credit,Approved,Active,H16
142,22B1043,Aryaman Angurana,0.0,Credit,Approved,Active,H16
143,22B1044,Nihar Ketankumar Hingrajia,0.0,Credit,Approved,Active,H16
144,22B1045,Pothulwar Shashi Vardhan,0.0,Credit,Approved,Active,H1
145,22B1046,Neredimelli Sandeep,0.0,Credit,Approved,Active,H1
146,22B1047,Palli Jalajakshi,0.0,Credit,Approved,Active,H16
147,22B1048,Banoth Mithila,0.0,Credit,Approved,Active,H16
148,22B1049,Kanishk Sharma,0.0,Credit,Approved,Active,H16
149,22B1050,J Tanvi Sree,0.0,Credit,Approved,Active,H16
150,22B1051,Mahak Sahu,0.0,Credit,Approved,Active,H16
151,22B1052,Mayank Motwani,0.0,Credit,Approved,Active,H16
152,22B1053,Kavya Gupta,0.0,Credit,Approved,Active,H16
153,22B1054,S.Shravan,0.0,Credit,Approved,Active,H16
154,22B1055,Parthiv Sen,0.0,Credit,Approved,Active,H16
155,22B1056,Jayesh Vinod Jadhav,0.0,Credit,Approved,Active,H16
156,22B1057,Aryan Satish Meshram,0.0,Credit,Approved,Active,H1
157,22B1058,Muskaan Jain,0.0,Credit,Approved,Active,H16
158,22B1059,Darisipudi Saranya,0.0,Credit,Approved,Active,H16
159,22B1060,Kunal Chaudhari,0.0,Credit,Approved,Active,H16
160,22B1061,Vishal Bysani,0.0,Credit,Approved,Active,H1
161,22B1062,Pediredla Sahil Sriram,0.0,Credit,Approved,Active,H1
162,22B1063,Dayyala John Joseph,0.0,Credit,Approved,Active,H1
163,22B1064,Suryansh Srijan,0.0,Credit,Approved,Active,H16
164,22B1065,Ujjawal Kumar Singh,0.0,Credit,Approved,Active,H1
165,22B1066,Abhay Kantiwal,0.0,Credit,Approved,Active,H1
166,22B1067,Dharavath Rahul Naik,0.0,Credit,Approved,Active,H16
167,22B1068,Tanishka Kabra,0.0,Credit,Approved,Active,H16
168,22B1069,Mahit Gadhiwala,0.0,Credit,Approved,Active,H16
169,22B1070,Mogulla Lokesh,0.0,Credit,Approved,Active,H16
170,22B1071,Harsh Jakhar,0.0,Credit,Approved,Active,H1
171,22B1072,Koyyana Suhas,0.0,Credit,Approved,Active,H1
172,22B1073,Thomas Biju Cheeramvelil,0.0,Credit,Approved,Active,H1
173,22B1074,Chappidi Preethi,0.0,Credit,Approved,Active,H16
